ID,is_bot
0253c2df-7cea-4456-85d1-35f776c4f671_0,0.06559955735473212
0253c2df-7cea-4456-85d1-35f776c4f671_1,0.06616003052753942
03641877-db32-43b1-b78a-fba5a4aafa2d_0,0.9462839594550094
03641877-db32-43b1-b78a-fba5a4aafa2d_1,0.06606046902777082
0396d8a8-6f1b-437b-860e-2837683cb555_0,0.08345468207983738
0396d8a8-6f1b-437b-860e-2837683cb555_1,0.06971946856618688
041d0054-fdc8-42c5-bcd3-ac287165df00_0,0.9457948429741985
041d0054-fdc8-42c5-bcd3-ac287165df00_1,0.06647946386786609
043c28b9-29bc-4dfc-9b56-43d6dbac7d4a_0,0.9459639333341648
043c28b9-29bc-4dfc-9b56-43d6dbac7d4a_1,0.06390535109884038
04a77f49-f4e6-4a7f-a82e-28771226ca1d_0,0.36410854026514816
04a77f49-f4e6-4a7f-a82e-28771226ca1d_1,0.07088656697709508
052c7878-a809-474a-a95a-8e53096a6ed5_0,0.9473857244351408
052c7878-a809-474a-a95a-8e53096a6ed5_1,0.06491260253127643
070d0179-0560-4a65-ab89-7d93e1ae13a6_0,0.07707337840140077
070d0179-0560-4a65-ab89-7d93e1ae13a6_1,0.09783371056267536
076c346e-3dda-46ac-bcf6-6eb8565585ca_0,0.0640537379153293
076c346e-3dda-46ac-bcf6-6eb8565585ca_1,0.9445959630018718
080fbaef-ed3d-4414-8c3f-651d4885a6d5_0,0.08241478881731835
080fbaef-ed3d-4414-8c3f-651d4885a6d5_1,0.10616996313873489
09edaa38-18ee-4541-8b85-68437097ac5a_0,0.07395133476534402
09edaa38-18ee-4541-8b85-68437097ac5a_1,0.3208935647830914
0a064bb8-c0be-4f9c-8a2d-a06a688ec456_0,0.9409594661676787
0a064bb8-c0be-4f9c-8a2d-a06a688ec456_1,0.07044256353578046
0adc445b-26ff-4c8e-a4eb-ed16516adb9c_0,0.7736437719203119
0adc445b-26ff-4c8e-a4eb-ed16516adb9c_1,0.06403830549124313
0af41645-a7c1-4dba-a0e2-8b7e34c51230_0,0.9198826163139847
0af41645-a7c1-4dba-a0e2-8b7e34c51230_1,0.06846287086626408
0bf82b22-7e43-4631-8bfb-81e3e3b75d2d_0,0.06739599035912504
0bf82b22-7e43-4631-8bfb-81e3e3b75d2d_1,0.9350485997555901
0c498607-5d40-4cc7-9f66-c4d384665129_0,0.8142083479611274
0c498607-5d40-4cc7-9f66-c4d384665129_1,0.1656040397488178
0c8c39e5-266f-4e4f-98ed-755c5dfc9029_0,0.2809364859629887
0c8c39e5-266f-4e4f-98ed-755c5dfc9029_1,0.06419598137737469
0d33a0c5-63a1-4741-a7db-74ba3075b287_0,0.07255322247593977
0d33a0c5-63a1-4741-a7db-74ba3075b287_1,0.9444664889432047
0e41c172-8360-4b08-bc24-0e53bda431c7_0,0.9254897375638667
0e41c172-8360-4b08-bc24-0e53bda431c7_1,0.06391535325290346
0ea18ef9-71b7-4543-a2fb-ac3399990928_0,0.947315775741757
0ea18ef9-71b7-4543-a2fb-ac3399990928_1,0.06861288076687583
0f61615b-11ab-420f-a8f8-64bc512b5729_0,0.0695504802539447
0f61615b-11ab-420f-a8f8-64bc512b5729_1,0.09036881811326752
0f8985b8-6aec-4d88-8c2a-5a42113e5a85_0,0.9464846743235964
0f8985b8-6aec-4d88-8c2a-5a42113e5a85_1,0.06441252672885579
0fb1f1b6-490c-446a-921c-286663a623b4_0,0.9470911947261555
0fb1f1b6-490c-446a-921c-286663a623b4_1,0.06495226408275653
0ff34fd3-80a0-4dc6-9ba1-64f12e797438_0,0.08981712596046734
0ff34fd3-80a0-4dc6-9ba1-64f12e797438_1,0.06409179978020316
10af2499-49b5-4582-aece-24e68b2739a4_0,0.09071969135927277
10af2499-49b5-4582-aece-24e68b2739a4_1,0.20592536357307864
10c17d6e-9e65-4eec-97f4-d50a5d8e5ff5_0,0.9472097694881796
10c17d6e-9e65-4eec-97f4-d50a5d8e5ff5_1,0.06551391708290853
11d48774-db62-4049-8222-39a1a8fe6b98_0,0.06561624209186653
11d48774-db62-4049-8222-39a1a8fe6b98_1,0.9415573623198535
123818ad-879f-40c9-b31c-00f64c775076_0,0.06742659913391319
123818ad-879f-40c9-b31c-00f64c775076_1,0.3474089551107853
127f5f6a-ade9-4bd1-aac2-b24a490e2d34_0,0.9475374649731013
127f5f6a-ade9-4bd1-aac2-b24a490e2d34_1,0.06401416325104294
13c0a52a-ef31-4353-8af5-00b5b0ce57ad_0,0.2950497827286202
13c0a52a-ef31-4353-8af5-00b5b0ce57ad_1,0.06548878850898797
1433e4a6-b3d5-49af-819e-456d0083615c_0,0.0675005228410499
1433e4a6-b3d5-49af-819e-456d0083615c_1,0.9442891865130714
149fab4b-3161-4848-b741-9ee1ff537c56_0,0.07216430218312589
149fab4b-3161-4848-b741-9ee1ff537c56_1,0.06973569606856334
16d43bf7-0f1c-4c71-8556-76749d4a78b6_0,0.06387922427384342
16d43bf7-0f1c-4c71-8556-76749d4a78b6_1,0.9473584463246746
16f5b30a-ae26-46c0-a447-a45a8b6c4199_0,0.9465180920494507
16f5b30a-ae26-46c0-a447-a45a8b6c4199_1,0.06392332300943006
181ecfcb-4a7a-4537-9262-5a52532b3db2_0,0.9469156354225621
181ecfcb-4a7a-4537-9262-5a52532b3db2_1,0.06406319046191236
193d5de1-8d64-4eda-b52c-484a1cb3f05f_0,0.9460874392741723
193d5de1-8d64-4eda-b52c-484a1cb3f05f_1,0.06714998707724637
19c1f109-a8cf-41f4-9d6b-78b29b3a02fa_0,0.9471935822806384
19c1f109-a8cf-41f4-9d6b-78b29b3a02fa_1,0.07120352495551291
1a72cdbd-4439-43c3-99fc-625e1c286572_0,0.9455429519852325
1a72cdbd-4439-43c3-99fc-625e1c286572_1,0.06408840497119916
1b6cb4f2-da8b-4529-a094-3b69198a59d9_0,0.9474428052711017
1b6cb4f2-da8b-4529-a094-3b69198a59d9_1,0.06573329816062748
1d6aa3dd-6895-41f2-8fe9-c5f6d3926654_0,0.06628897511040226
1d6aa3dd-6895-41f2-8fe9-c5f6d3926654_1,0.9444032894791554
1dfe1d64-4156-4420-b105-84729b09053f_0,0.0971021470858516
1dfe1d64-4156-4420-b105-84729b09053f_1,0.7885831021220917
1eb9dab3-8f8e-49d6-bd46-5eb047c56b0d_0,0.946846536776664
1eb9dab3-8f8e-49d6-bd46-5eb047c56b0d_1,0.06396246026241852
1f112598-0c05-47cc-8b5b-8d944032c285_0,0.06488855594466972
1f112598-0c05-47cc-8b5b-8d944032c285_1,0.9471176000637068
1f4517c8-4669-43c4-af26-f54954d512bc_0,0.06897360558778694
1f4517c8-4669-43c4-af26-f54954d512bc_1,0.1917463559484333
1fcb78f8-cc91-40d8-85c5-c3d2738b851d_0,0.9453735192558835
1fcb78f8-cc91-40d8-85c5-c3d2738b851d_1,0.06547371044480178
202ada76-0c8b-4395-a184-17d4eab5fc2b_0,0.9453808651365861
202ada76-0c8b-4395-a184-17d4eab5fc2b_1,0.06464168862304594
21d25b1f-2547-43c1-8e2c-084f7099060e_0,0.9429679937049691
21d25b1f-2547-43c1-8e2c-084f7099060e_1,0.0656496115477739
22a19f51-ec65-4457-a439-4226278f14e8_0,0.06472860053041621
22a19f51-ec65-4457-a439-4226278f14e8_1,0.26578879755475643
22ffe4d1-911c-41e4-9695-8b4e835d74c4_0,0.280046495530382
22ffe4d1-911c-41e4-9695-8b4e835d74c4_1,0.09082340243734172
24321e9f-b595-468e-86b3-38d234cbad30_0,0.9474565405218205
24321e9f-b595-468e-86b3-38d234cbad30_1,0.0638450331806972
25b9570a-1e3e-4db3-965c-f634cb2236df_0,0.06744906109285188
25b9570a-1e3e-4db3-965c-f634cb2236df_1,0.07070814512546385
25cd0022-4742-4a99-a685-0af1ca7f700c_0,0.937609014140676
25cd0022-4742-4a99-a685-0af1ca7f700c_1,0.06943934147331188
261b8154-b455-4caa-b1b9-6a40a9bf48a6_0,0.905423836751914
261b8154-b455-4caa-b1b9-6a40a9bf48a6_1,0.5591734372782304
26bb648a-c9d4-495c-ba9b-b30c6f96af28_0,0.9470588018411302
26bb648a-c9d4-495c-ba9b-b30c6f96af28_1,0.06626308795571284
2715f1e9-c774-430c-b4f1-e5a94a6fe538_0,0.08557321800431501
2715f1e9-c774-430c-b4f1-e5a94a6fe538_1,0.06608596629805037
271f3adf-af70-4501-8f16-4deabfc6541e_0,0.32172376859914636
271f3adf-af70-4501-8f16-4deabfc6541e_1,0.9368471030943206
274fb5e6-f9b0-42ed-b75e-1e260110b378_0,0.9466726517410016
274fb5e6-f9b0-42ed-b75e-1e260110b378_1,0.0642878969770501
278d0eed-80e6-450a-b736-b433c8c002b5_0,0.9447118798576086
278d0eed-80e6-450a-b736-b433c8c002b5_1,0.06496329938341665
2afcda46-6d32-4572-8974-b3b53ce40ea5_0,0.1941960785140208
2afcda46-6d32-4572-8974-b3b53ce40ea5_1,0.06536062174995426
2dc1d8b0-fb82-4767-955f-053ed5ac9db6_0,0.7697783623502896
2dc1d8b0-fb82-4767-955f-053ed5ac9db6_1,0.30862201867514605
2e1745b6-a491-496f-9a3b-19d7477bee7a_0,0.28091251284738017
2e1745b6-a491-496f-9a3b-19d7477bee7a_1,0.06496454790123804
2e5d06c6-1e3a-4858-a926-418c8e2db6fc_0,0.945882248193286
2e5d06c6-1e3a-4858-a926-418c8e2db6fc_1,0.06666386464722363
2fb758f7-4645-48c1-91c0-a2476245c8ba_0,0.9420886117485132
2fb758f7-4645-48c1-91c0-a2476245c8ba_1,0.06607600807071407
2fd28179-c129-4ea2-b077-69b9615e14bf_0,0.9470688884006657
2fd28179-c129-4ea2-b077-69b9615e14bf_1,0.07000000015965854
300cc661-b664-4c28-a2e5-8e6976967f84_0,0.06757317345179156
300cc661-b664-4c28-a2e5-8e6976967f84_1,0.9462923965230318
308b8b12-8361-412f-a957-089569eb5b2b_0,0.06503178500279666
308b8b12-8361-412f-a957-089569eb5b2b_1,0.9462815115639998
30e7c790-d2cc-4f3b-a117-e17b068a4e86_0,0.9440596876923749
30e7c790-d2cc-4f3b-a117-e17b068a4e86_1,0.08389404154489136
31b71579-b03c-427a-9b31-fe3e840a1c1f_0,0.9473275773083674
31b71579-b03c-427a-9b31-fe3e840a1c1f_1,0.0698110811047767
31caf938-d95c-42ff-a2a2-2a1e6614093d_0,0.9472569789167891
31caf938-d95c-42ff-a2a2-2a1e6614093d_1,0.06514235107899158
326d2106-fb16-4c17-87da-73b5bcf02e24_0,0.08591241201997839
326d2106-fb16-4c17-87da-73b5bcf02e24_1,0.9460084553849175
32acf1ef-ae40-426d-b7c3-8717e75d59de_0,0.06374743805143064
32acf1ef-ae40-426d-b7c3-8717e75d59de_1,0.9474171770145121
359e808e-d46c-43cf-a8db-eb2dc6b980f4_0,0.21336160528028222
359e808e-d46c-43cf-a8db-eb2dc6b980f4_1,0.08826372475168
36b25608-f62c-460b-8f33-1f13392742eb_0,0.9038208086582858
36b25608-f62c-460b-8f33-1f13392742eb_1,0.06648080659661174
36e5a672-146b-42e2-9835-fdbe8cc7c5b8_0,0.9458484632071912
36e5a672-146b-42e2-9835-fdbe8cc7c5b8_1,0.06551969627234192
3707414f-1fcf-4d47-8aa8-b62deb76ea2d_0,0.1375250773088792
3707414f-1fcf-4d47-8aa8-b62deb76ea2d_1,0.9443872766332843
372c22c7-451e-4691-9842-b7c8e94f14e4_0,0.9326427679510445
372c22c7-451e-4691-9842-b7c8e94f14e4_1,0.06834474224458063
376bcbe2-b42f-4d8c-abd8-cbb4a36400c3_0,0.9304990484610532
376bcbe2-b42f-4d8c-abd8-cbb4a36400c3_1,0.06397073264660703
37c11ed9-256e-4fa5-bb9a-ba59b72a947e_0,0.9474374921213272
37c11ed9-256e-4fa5-bb9a-ba59b72a947e_1,0.06419534585002243
37d39b1c-5dd8-4348-82cf-a6821d850f1b_0,0.9459726496828637
37d39b1c-5dd8-4348-82cf-a6821d850f1b_1,0.06569016099553518
392215f8-061c-4f38-ad80-40abe059ea09_0,0.0699548933204668
392215f8-061c-4f38-ad80-40abe059ea09_1,0.08446102804103381
3ac4938f-74f5-4c23-817c-1ac7f0b8a517_0,0.9409230080729616
3ac4938f-74f5-4c23-817c-1ac7f0b8a517_1,0.06903216600838656
3b1adf12-6dc3-48e4-8d6e-671bf779cf94_0,0.06826349061896138
3b1adf12-6dc3-48e4-8d6e-671bf779cf94_1,0.0671589829084689
3ba92eae-fc8d-4cf7-abf2-74948cca7ebd_0,0.9459173159888049
3ba92eae-fc8d-4cf7-abf2-74948cca7ebd_1,0.06428105450544724
3be8e8cb-3fa0-42f0-86be-621e6a86d851_0,0.5696473031385214
3be8e8cb-3fa0-42f0-86be-621e6a86d851_1,0.7495266591271469
3e577502-c44e-4cb7-8973-dbe7f88e1a27_0,0.078451079068559
3e577502-c44e-4cb7-8973-dbe7f88e1a27_1,0.24466637623372
3e978a48-24af-49ef-a7e7-3c8143a2934f_0,0.08667143064519074
3e978a48-24af-49ef-a7e7-3c8143a2934f_1,0.07461651010152917
401523a1-0790-4503-bb78-557a1bfaef35_0,0.9454831992358816
401523a1-0790-4503-bb78-557a1bfaef35_1,0.07064318826481863
406ff79d-9e91-4d90-a092-3965dfe88979_0,0.9466767315762943
406ff79d-9e91-4d90-a092-3965dfe88979_1,0.06691170205966372
408075a9-b5aa-45c2-b395-ba76fc7ec061_0,0.06807470181648766
408075a9-b5aa-45c2-b395-ba76fc7ec061_1,0.9445319105312341
41043870-6231-40d1-9651-02e131a20afa_0,0.06652302252202406
41043870-6231-40d1-9651-02e131a20afa_1,0.0658520598774673
42cdb2eb-7170-45a7-854a-a8513dccd60a_0,0.06778631764527165
42cdb2eb-7170-45a7-854a-a8513dccd60a_1,0.3707963113912385
4314acef-62dc-442f-945c-166319d6b5ca_0,0.9469687956698172
4314acef-62dc-442f-945c-166319d6b5ca_1,0.07383861189636154
4381e7ba-336d-4457-8050-6e58d03c567f_0,0.8671555338561462
4381e7ba-336d-4457-8050-6e58d03c567f_1,0.0652359406949532
43c13fc9-9983-459a-a178-da43718a7804_0,0.08728187399917002
43c13fc9-9983-459a-a178-da43718a7804_1,0.94210009659447
440d3878-43d2-413b-a47a-bde7c874b822_0,0.06985144514772519
440d3878-43d2-413b-a47a-bde7c874b822_1,0.9425427383465785
442fda90-4303-49d0-87e7-6736bdeb7e1d_0,0.20918104373801072
442fda90-4303-49d0-87e7-6736bdeb7e1d_1,0.08941285020239306
445f3ff0-aca2-46ee-8e67-2492e878605f_0,0.9416809182746563
445f3ff0-aca2-46ee-8e67-2492e878605f_1,0.06907141133764289
45ef819c-862a-41b5-a553-091fa8ffd2d2_0,0.943743093682758
45ef819c-862a-41b5-a553-091fa8ffd2d2_1,0.06497871162643294
4607db8e-86ff-4b38-8d71-398b9b1f3f62_0,0.9359524826650842
4607db8e-86ff-4b38-8d71-398b9b1f3f62_1,0.06480476720027964
46c81fa7-7c68-48f3-9548-8807368b0dac_0,0.9473538283610045
46c81fa7-7c68-48f3-9548-8807368b0dac_1,0.06365177450200749
46fd204b-187b-45d4-965f-e1935b5ab49e_0,0.9468760334443617
46fd204b-187b-45d4-965f-e1935b5ab49e_1,0.06457930912951333
4717d0db-6c60-436c-8d0e-638c02023a40_0,0.9474512160772081
4717d0db-6c60-436c-8d0e-638c02023a40_1,0.0643955343953372
48842540-1e4b-4ace-856f-23aff0019c1b_0,0.07337113114411684
48842540-1e4b-4ace-856f-23aff0019c1b_1,0.9370862787797605
48bc01aa-c3dd-4cfe-a261-d901f96f7380_0,0.9357063778344952
48bc01aa-c3dd-4cfe-a261-d901f96f7380_1,0.09523469722012931
48cd526e-46cd-4749-bff7-397f061adb61_0,0.9023278683602718
48cd526e-46cd-4749-bff7-397f061adb61_1,0.06509182390942334
4a06ce3a-0cce-4dae-8443-96f4c366a009_0,0.06883374188121495
4a06ce3a-0cce-4dae-8443-96f4c366a009_1,0.9390909588538275
4ab2cc2e-56f4-45a7-9490-16b46592499b_0,0.9469450358602036
4ab2cc2e-56f4-45a7-9490-16b46592499b_1,0.06598124710488888
4c5e09a4-a6dd-4e45-bea8-a1737a31aa18_0,0.9464987439940447
4c5e09a4-a6dd-4e45-bea8-a1737a31aa18_1,0.06442221770243652
4c6a2a4b-95ec-46d3-ad18-fa2b8e1e5279_0,0.9057858496664953
4c6a2a4b-95ec-46d3-ad18-fa2b8e1e5279_1,0.07693081057222047
4c6ced61-6cf3-4a73-9787-268f25418c19_0,0.9180343300668349
4c6ced61-6cf3-4a73-9787-268f25418c19_1,0.06942952055562918
4c6d2fcc-61b9-4db7-b591-1657a0a4416e_0,0.8132557585236212
4c6d2fcc-61b9-4db7-b591-1657a0a4416e_1,0.06483994786610912
4c8a14b3-0c8b-4b82-8b21-20ebee6e3bc6_0,0.08266807913868435
4c8a14b3-0c8b-4b82-8b21-20ebee6e3bc6_1,0.4454741547223938
4cb81769-fb36-4912-916c-828008569186_0,0.9466067052374831
4cb81769-fb36-4912-916c-828008569186_1,0.06495700902960869
4f46f7bd-78e6-4dd9-a6e3-8cbcbed928bd_0,0.9454165655175147
4f46f7bd-78e6-4dd9-a6e3-8cbcbed928bd_1,0.06551897136242497
508419c6-776c-4834-985c-ba4b768c11f1_0,0.08896467063721451
508419c6-776c-4834-985c-ba4b768c11f1_1,0.9404249325813524
51df8a04-39b4-470f-9312-7e704e2e3542_0,0.9321996057395259
51df8a04-39b4-470f-9312-7e704e2e3542_1,0.0695381396971207
531096a3-46b7-440a-9bde-f68f0375d485_0,0.946074417140708
531096a3-46b7-440a-9bde-f68f0375d485_1,0.06911277185178914
5437c8e4-8ccc-45d4-9697-0f41b3c92e1f_0,0.10530717244769133
5437c8e4-8ccc-45d4-9697-0f41b3c92e1f_1,0.06415353090346382
54462d7d-175b-44e1-8ce7-24f98541c9d1_0,0.9458490043635408
54462d7d-175b-44e1-8ce7-24f98541c9d1_1,0.07344095328967364
5460586d-ecc0-482a-9616-eaacc9cb7658_0,0.9453895739162564
5460586d-ecc0-482a-9616-eaacc9cb7658_1,0.0835067769405767
55d732bb-9090-4676-8676-261be0e382f0_0,0.06384753240810617
55d732bb-9090-4676-8676-261be0e382f0_1,0.9298247684463851
55ddfba5-1cb8-4c23-a820-29041d8caea0_0,0.9450222809379935
55ddfba5-1cb8-4c23-a820-29041d8caea0_1,0.06474024118982145
56dece1f-27b6-49d4-a395-cd96a2a1c889_0,0.9463410951716982
56dece1f-27b6-49d4-a395-cd96a2a1c889_1,0.064664573128153
58dfd3cb-8608-4821-a1a0-5023828cc723_0,0.9474103249614728
58dfd3cb-8608-4821-a1a0-5023828cc723_1,0.06511609675364345
598d553c-79de-4cac-b931-bd21e9529c86_0,0.9358750337108647
598d553c-79de-4cac-b931-bd21e9529c86_1,0.06504041451626233
5bc6c1cb-8f3e-45cd-8284-e95d245a1e71_0,0.06798010429837169
5bc6c1cb-8f3e-45cd-8284-e95d245a1e71_1,0.9151777996228023
5d8c14b8-b4c4-45c4-8628-dd1368137e25_0,0.9414723511876408
5d8c14b8-b4c4-45c4-8628-dd1368137e25_1,0.06419108240885524
5d9344db-49a4-4eda-a2f8-5066d5145bcf_0,0.9434474664168168
5d9344db-49a4-4eda-a2f8-5066d5145bcf_1,0.06461432702775252
5da77033-b06c-4f48-827e-b65693ab9c4a_0,0.06446211827853958
5da77033-b06c-4f48-827e-b65693ab9c4a_1,0.9472244348230817
5e282952-eb3d-4cb0-b9cc-3b0f8b928ebe_0,0.9475748996156708
5e282952-eb3d-4cb0-b9cc-3b0f8b928ebe_1,0.06452905185998038
5e4c1a36-9159-442b-9a1c-0bfe64e40786_0,0.0945658315286731
5e4c1a36-9159-442b-9a1c-0bfe64e40786_1,0.9427431909567913
5e527b1e-93f3-43de-9278-881068eb14f7_0,0.9224860910217383
5e527b1e-93f3-43de-9278-881068eb14f7_1,0.06370508959957448
60221994-ad97-4f48-9618-80bf0201ad7b_0,0.9472761886285376
60221994-ad97-4f48-9618-80bf0201ad7b_1,0.06512787246018546
605a0d3a-7612-41fc-85d1-b8fe524d9b88_0,0.06463132804401486
605a0d3a-7612-41fc-85d1-b8fe524d9b88_1,0.946758546863915
6078eecd-d7c1-438a-9b56-1dfae6ff2b05_0,0.9470128128926746
6078eecd-d7c1-438a-9b56-1dfae6ff2b05_1,0.06514575522770555
60f00006-3a08-4b9e-8185-06af8de53710_0,0.07087582229674448
60f00006-3a08-4b9e-8185-06af8de53710_1,0.215508828302064
613366e9-dc87-47c3-a316-db96b0596423_0,0.0667373237436386
613366e9-dc87-47c3-a316-db96b0596423_1,0.36099171715056166
61a25017-fa88-409f-9616-00c9c6c40830_0,0.20117633260051207
61a25017-fa88-409f-9616-00c9c6c40830_1,0.12179102322444921
6223e51f-0bfd-47fa-beee-a61442806520_0,0.08621239970242833
6223e51f-0bfd-47fa-beee-a61442806520_1,0.9351097335665355
632b1a54-8f9d-4aa3-b3b0-5f524fbfc668_0,0.9258797584454407
632b1a54-8f9d-4aa3-b3b0-5f524fbfc668_1,0.06750643730122105
64085b9f-e9de-4c47-8a9d-902359a4aa4c_0,0.19090212764528117
64085b9f-e9de-4c47-8a9d-902359a4aa4c_1,0.9443583976643668
64a38a90-97ed-4b1b-88bb-020e4ecacf9e_0,0.12538956545062915
64a38a90-97ed-4b1b-88bb-020e4ecacf9e_1,0.8720234239321859
64f4d043-86af-4b20-92e2-b6529a15c474_0,0.9472681283357047
64f4d043-86af-4b20-92e2-b6529a15c474_1,0.07693157244193861
64feddc0-5442-487d-b507-68c81806323d_0,0.08774826444485334
64feddc0-5442-487d-b507-68c81806323d_1,0.06420366541752906
654092be-eae8-4e39-bffc-1c4a6b8c5faf_0,0.8497532125213636
654092be-eae8-4e39-bffc-1c4a6b8c5faf_1,0.06891494245904946
673a4209-d555-4517-b2e6-e7ca4c61bd13_0,0.946359935086744
673a4209-d555-4517-b2e6-e7ca4c61bd13_1,0.10126000076455655
67a37d8a-6a7d-43ea-8ca4-484c08ebb3b0_0,0.4678525428771192
67a37d8a-6a7d-43ea-8ca4-484c08ebb3b0_1,0.7427476557498657
6853a497-caf0-403b-a8c5-a5e8213dcde3_0,0.06634919826605229
6853a497-caf0-403b-a8c5-a5e8213dcde3_1,0.847366737387479
695425eb-86d7-4174-bf78-8d7966de5d00_0,0.18141799674212478
695425eb-86d7-4174-bf78-8d7966de5d00_1,0.08621787949456668
698ad6c9-41ef-45c7-b221-828b3962b63c_0,0.9426327924149943
698ad6c9-41ef-45c7-b221-828b3962b63c_1,0.0669426969179164
69c50aa9-3e81-4005-b8de-221411bed165_0,0.9453790965153847
69c50aa9-3e81-4005-b8de-221411bed165_1,0.06522699191559904
6a425660-021b-4918-aa9c-3c7b4911aa06_0,0.9470741539217729
6a425660-021b-4918-aa9c-3c7b4911aa06_1,0.06561849590926098
6b4115a2-99c4-46c5-8d45-b0f044d3d4fe_0,0.06503762587204633
6b4115a2-99c4-46c5-8d45-b0f044d3d4fe_1,0.24391882451674343
6b9d7f0e-f6ce-4de7-9fe8-49faac84973b_0,0.06927774045757934
6b9d7f0e-f6ce-4de7-9fe8-49faac84973b_1,0.9472603928804446
6bc78f12-615f-406d-886a-a38d2c56bca4_0,0.06623506923497037
6bc78f12-615f-406d-886a-a38d2c56bca4_1,0.411242620857356
6bc79a36-7bcc-4014-8b9e-49f174f0832e_0,0.9277673108773313
6bc79a36-7bcc-4014-8b9e-49f174f0832e_1,0.06533598723339906
6c7f8067-4369-401e-9378-4d2b1506acaf_0,0.06546676133318059
6c7f8067-4369-401e-9378-4d2b1506acaf_1,0.7414727878022392
6c82b4ed-acdc-42c0-89e3-e30b7a21c794_0,0.9450232996311798
6c82b4ed-acdc-42c0-89e3-e30b7a21c794_1,0.06712465041548384
6d95ca8f-6be2-4125-a187-1b6497404653_0,0.07422022676936159
6d95ca8f-6be2-4125-a187-1b6497404653_1,0.9444531135685456
6dc24a99-7adb-44bf-82c0-829b3efd6923_0,0.06417840496301555
6dc24a99-7adb-44bf-82c0-829b3efd6923_1,0.9452661356109879
6e1ffbba-cea5-492f-802d-e4a64895c617_0,0.09050140425814425
6e1ffbba-cea5-492f-802d-e4a64895c617_1,0.09917756138638834
6ee964f3-70a7-4e85-8f68-e21feba58b98_0,0.937143691051981
6ee964f3-70a7-4e85-8f68-e21feba58b98_1,0.0650723213241396
6f383d19-2923-4796-8af4-9f6fcf6eef7a_0,0.946859550477047
6f383d19-2923-4796-8af4-9f6fcf6eef7a_1,0.1291634014539938
6f3de54c-4f7f-47fa-b972-e3d0e6438b43_0,0.9276353918701868
6f3de54c-4f7f-47fa-b972-e3d0e6438b43_1,0.06430335197898474
7021cd57-50ae-48f0-b592-ce4d4f52bcb3_0,0.147880881101722
7021cd57-50ae-48f0-b592-ce4d4f52bcb3_1,0.1332545039176189
70e10f81-9491-40b8-958b-3a64849f341a_0,0.06830156302603009
70e10f81-9491-40b8-958b-3a64849f341a_1,0.9421424616497782
713c6732-d4dd-4a06-803a-0d5d5837bbbc_0,0.9472635176303417
713c6732-d4dd-4a06-803a-0d5d5837bbbc_1,0.06683051619262959
716eff5c-ff24-420f-b93f-f4caccac4093_0,0.06764454010378335
716eff5c-ff24-420f-b93f-f4caccac4093_1,0.9459132861773051
722c468b-9985-4584-87ee-5f94748f4b4e_0,0.06579290302620261
722c468b-9985-4584-87ee-5f94748f4b4e_1,0.7998910974126505
733539e6-225c-41d5-b28f-7665c4a56def_0,0.08665539642872407
733539e6-225c-41d5-b28f-7665c4a56def_1,0.9464795390110167
734a2215-5f4c-42e0-95bc-c4d5cac5c6e4_0,0.8676177533849542
734a2215-5f4c-42e0-95bc-c4d5cac5c6e4_1,0.06426452969375296
74373556-77c7-4a6a-b3fb-5e0735e293a8_0,0.9448113071013775
74373556-77c7-4a6a-b3fb-5e0735e293a8_1,0.06434725642030878
766261ea-ff56-41ba-a83c-6b9aa52323a0_0,0.9403264795517439
766261ea-ff56-41ba-a83c-6b9aa52323a0_1,0.06686872097823432
76ea9e29-ed80-43aa-8ca4-14eabb62d221_0,0.9433246048203673
76ea9e29-ed80-43aa-8ca4-14eabb62d221_1,0.08714424461341876
7a79c5c7-6e1f-4587-85fa-07c858d90a7e_0,0.0642368053495333
7a79c5c7-6e1f-4587-85fa-07c858d90a7e_1,0.947415857986804
7a7e2e84-cea0-4499-9249-22dd9744975d_0,0.0657439851069813
7a7e2e84-cea0-4499-9249-22dd9744975d_1,0.9415017310918656
7b48d44c-2e77-4e3e-bbfd-649c8f37fb36_0,0.9319568482842583
7b48d44c-2e77-4e3e-bbfd-649c8f37fb36_1,0.06770375227008174
7c002fa9-3f91-4b31-9154-de64b5a8d008_0,0.07478963293939318
7c002fa9-3f91-4b31-9154-de64b5a8d008_1,0.06563420999184139
7c73d1f5-cb4e-4253-ad30-d40458b3907c_0,0.06536850376448453
7c73d1f5-cb4e-4253-ad30-d40458b3907c_1,0.9439331422863413
7d826e63-fc5a-4526-b5b4-efc5ba6ca03f_0,0.946073426510784
7d826e63-fc5a-4526-b5b4-efc5ba6ca03f_1,0.06825158726968075
7eff111f-27bb-4d82-9d9e-db44ac713db6_0,0.06803017084775531
7eff111f-27bb-4d82-9d9e-db44ac713db6_1,0.06498657826812354
7fabc03b-ca58-4799-8fb7-0256d011611a_0,0.946754743292704
7fabc03b-ca58-4799-8fb7-0256d011611a_1,0.06398057787256575
7fc0eb7c-56fe-4c8d-ade1-c502cbabdea2_0,0.9439956151040122
7fc0eb7c-56fe-4c8d-ade1-c502cbabdea2_1,0.06522942326306631
80a9ad86-e6dc-4f00-8304-2f71e871b4dd_0,0.9430317112529568
80a9ad86-e6dc-4f00-8304-2f71e871b4dd_1,0.06813581233192062
813feb9a-f75a-4cd3-a7b7-ebc40d16443a_0,0.9467235108064747
813feb9a-f75a-4cd3-a7b7-ebc40d16443a_1,0.0644418340643011
816300a9-3892-4dc6-b2c2-e96cc7d05e6b_0,0.06678357535565603
816300a9-3892-4dc6-b2c2-e96cc7d05e6b_1,0.9436928307685563
82c83780-5dc5-4023-9b04-8b49092ff7c9_0,0.943827507239386
82c83780-5dc5-4023-9b04-8b49092ff7c9_1,0.06474585930176054
83da85f4-a1fd-4e39-845f-4c047985353d_0,0.06391471777661407
83da85f4-a1fd-4e39-845f-4c047985353d_1,0.8714739520527089
846cce6c-5a4d-4216-8196-667f5800c7fe_0,0.9433103105144031
846cce6c-5a4d-4216-8196-667f5800c7fe_1,0.06471287692443364
84706647-e011-441f-837c-21a17f5fc6cf_0,0.9474120083970913
84706647-e011-441f-837c-21a17f5fc6cf_1,0.06437522683077583
84a14052-8f66-4664-82e6-327c0ca61a30_0,0.9459668579603222
84a14052-8f66-4664-82e6-327c0ca61a30_1,0.06385069774943598
85e48307-3e55-40f4-ac82-ffa70e6bee0b_0,0.9461842770078959
85e48307-3e55-40f4-ac82-ffa70e6bee0b_1,0.06524976778135386
8702350d-214c-40a7-9a6b-3c07e35ac00e_0,0.09292335132061066
8702350d-214c-40a7-9a6b-3c07e35ac00e_1,0.7633373238970884
875c31c9-72ad-4afb-88be-b4a660be2aed_0,0.947100869787865
875c31c9-72ad-4afb-88be-b4a660be2aed_1,0.07022264595793479
876a095c-f854-4b85-b7d0-60bd9c89ad9e_0,0.9294389212422136
876a095c-f854-4b85-b7d0-60bd9c89ad9e_1,0.06758395094812741
879fb2c9-1a1d-4303-8b89-80e18333b14b_0,0.07506368477251092
879fb2c9-1a1d-4303-8b89-80e18333b14b_1,0.9471875787897446
87b8184e-d96c-4bf9-bbd7-99c10a07af27_0,0.9459511063693077
87b8184e-d96c-4bf9-bbd7-99c10a07af27_1,0.07728507656620084
87ee729c-61ce-49e9-ae23-80bffd9227f3_0,0.06477352373856161
87ee729c-61ce-49e9-ae23-80bffd9227f3_1,0.9470788298072665
8a5e4ced-338c-4afd-adce-4f7dfafb3a19_0,0.30081581347494923
8a5e4ced-338c-4afd-adce-4f7dfafb3a19_1,0.06782801217280855
8c11e9ec-055c-4b88-bcf1-e8d6d3c29ba1_0,0.9456470913858647
8c11e9ec-055c-4b88-bcf1-e8d6d3c29ba1_1,0.06449728821030985
8cdac423-ceb0-4cb8-91b2-528e22d1d871_0,0.934522460030525
8cdac423-ceb0-4cb8-91b2-528e22d1d871_1,0.06597850806007304
8d4544bf-dfd1-4b71-87b3-c4cfab163c48_0,0.13397155222474766
8d4544bf-dfd1-4b71-87b3-c4cfab163c48_1,0.8182850426648772
8d4b195e-03c9-465b-8e61-cee34c48b82a_0,0.8913384745855221
8d4b195e-03c9-465b-8e61-cee34c48b82a_1,0.06536695198890681
8d70c292-550c-4ad7-a11c-a6cecc3e3a07_0,0.9445150204037956
8d70c292-550c-4ad7-a11c-a6cecc3e3a07_1,0.07197829540386406
8d766f1c-ebf7-4c72-a9d7-48fbc236eedf_0,0.9275530331998708
8d766f1c-ebf7-4c72-a9d7-48fbc236eedf_1,0.06600440749732751
8e08566b-b28c-4394-9e23-b3c6835967b3_0,0.9071703727735664
8e08566b-b28c-4394-9e23-b3c6835967b3_1,0.06402917877965746
8e1c6301-e040-463e-bf78-6f267d97f190_0,0.0748235539086475
8e1c6301-e040-463e-bf78-6f267d97f190_1,0.9440809323120798
8fdd3dab-fe1f-455b-8071-52df38ba0dae_0,0.08393454595778539
8fdd3dab-fe1f-455b-8071-52df38ba0dae_1,0.9454614900652959
900b3c49-b126-4f72-93ba-210d409bc357_0,0.9467793567097574
900b3c49-b126-4f72-93ba-210d409bc357_1,0.06429943001875203
91862448-1aa7-4743-8391-792aa7ef5ef0_0,0.9464913124828196
91862448-1aa7-4743-8391-792aa7ef5ef0_1,0.06536813161527168
918c1b20-c318-4aaf-bfa4-718b60a6420e_0,0.946133431780409
918c1b20-c318-4aaf-bfa4-718b60a6420e_1,0.06931474035375826
9327424f-7efb-4780-a768-81b22487e01b_0,0.22858290115201046
9327424f-7efb-4780-a768-81b22487e01b_1,0.6172194032690027
93bb42bd-448c-422f-b7b2-32859fda3f18_0,0.7256815180850926
93bb42bd-448c-422f-b7b2-32859fda3f18_1,0.06435637001439161
9426c9c1-2761-4265-9916-769d497dcd86_0,0.9472386405777582
9426c9c1-2761-4265-9916-769d497dcd86_1,0.06569886436612997
94db9a77-5183-4c34-95d3-73643d91fb79_0,0.06753443478511507
94db9a77-5183-4c34-95d3-73643d91fb79_1,0.08703222158630515
95693c7f-d35b-4e0e-a40a-a1defe4bd528_0,0.06686570390413862
95693c7f-d35b-4e0e-a40a-a1defe4bd528_1,0.9411165996100865
962c93fc-f0e6-4eda-a857-97484783dcf5_0,0.8369703759087215
962c93fc-f0e6-4eda-a857-97484783dcf5_1,0.06623635034120129
96c2f380-fa89-46fc-964c-40e10ed9d96e_0,0.06651764816992753
96c2f380-fa89-46fc-964c-40e10ed9d96e_1,0.9447985561875505
9709ba19-60ef-4cb2-b14c-ecebca160b33_0,0.9444210418240607
9709ba19-60ef-4cb2-b14c-ecebca160b33_1,0.1849931812502614
978b8003-436a-4761-bfa0-bc4eea1ac966_0,0.0832248214414885
978b8003-436a-4761-bfa0-bc4eea1ac966_1,0.9405515133729566
99a8d155-2d95-4860-97e5-6d5d566750d9_0,0.7506757228915242
99a8d155-2d95-4860-97e5-6d5d566750d9_1,0.06617493286768084
9a070332-5db2-4d10-829f-f2df93f19df7_0,0.9443149491387862
9a070332-5db2-4d10-829f-f2df93f19df7_1,0.06661621829618235
9ad890ed-56ee-4acc-a36b-bb138535eda1_0,0.944459658385731
9ad890ed-56ee-4acc-a36b-bb138535eda1_1,0.06409808290584525
9ae39d95-f88c-4c52-b534-0ed616015842_0,0.06641095960010882
9ae39d95-f88c-4c52-b534-0ed616015842_1,0.9444342659674724
9d7eb734-9f71-4ed3-8e13-dd0e4beba1e8_0,0.17840862599665122
9d7eb734-9f71-4ed3-8e13-dd0e4beba1e8_1,0.06536308898627961
9df6b625-95b9-42c7-ac7d-6678417782c4_0,0.9469893759909842
9df6b625-95b9-42c7-ac7d-6678417782c4_1,0.06427095356832088
a022e50f-f70f-4cd8-94b7-8b03926bc8f3_0,0.9439669120718368
a022e50f-f70f-4cd8-94b7-8b03926bc8f3_1,0.07035764135645851
a02e5f5b-5beb-4bd6-9172-c383239b1a22_0,0.09272663549279736
a02e5f5b-5beb-4bd6-9172-c383239b1a22_1,0.1557219794948289
a06d2197-0cd1-42f5-81d2-7a209e71d8e9_0,0.07633196007616086
a06d2197-0cd1-42f5-81d2-7a209e71d8e9_1,0.14271403726557336
a1b4c084-17e4-4b22-9dc5-93db0aeccfb1_0,0.06410559037903779
a1b4c084-17e4-4b22-9dc5-93db0aeccfb1_1,0.9470469381314561
a3f33670-59fc-453d-ba12-930211884b4a_0,0.9436485334759961
a3f33670-59fc-453d-ba12-930211884b4a_1,0.073933345685474
a463039f-4281-4e88-82e6-672d7f144ebe_0,0.9450281467102412
a463039f-4281-4e88-82e6-672d7f144ebe_1,0.06461859922411606
a4d301c7-8c0e-48a7-81fa-869b3cbbe48a_0,0.8630567422225489
a4d301c7-8c0e-48a7-81fa-869b3cbbe48a_1,0.06420052034207105
a57aab14-e7a8-4f83-a23a-553f36c89bcf_0,0.33358073578371294
a57aab14-e7a8-4f83-a23a-553f36c89bcf_1,0.08289079558389177
a61be6b8-1f1d-4b22-ac8d-25eb621b4007_0,0.9355459170466266
a61be6b8-1f1d-4b22-ac8d-25eb621b4007_1,0.11014018826102728
a6849f30-1b4b-4811-8c0d-d4d13ae67abf_0,0.12006637117374447
a6849f30-1b4b-4811-8c0d-d4d13ae67abf_1,0.09130698721773844
a6975e8a-a4e0-492d-bb0b-34a23b2a1afa_0,0.9469927100420407
a6975e8a-a4e0-492d-bb0b-34a23b2a1afa_1,0.06397660789315511
a7ac09ac-3f3d-4774-80e7-1c23bb17f17b_0,0.0676679096444056
a7ac09ac-3f3d-4774-80e7-1c23bb17f17b_1,0.9458819347376418
a8be7d76-83ed-473e-81d1-31e31a921262_0,0.08161330947374486
a8be7d76-83ed-473e-81d1-31e31a921262_1,0.06493264725466577
a903039a-9c0f-49b0-a916-53e7427ab9e6_0,0.9464297165774885
a903039a-9c0f-49b0-a916-53e7427ab9e6_1,0.06496044842682913
a9491aa4-2f4e-404c-835c-c7863a7ba067_0,0.19943835011100783
a9491aa4-2f4e-404c-835c-c7863a7ba067_1,0.07847730456792444
a9511ad2-3217-45ce-b6c6-4f1a15dad0cf_0,0.8490916440082333
a9511ad2-3217-45ce-b6c6-4f1a15dad0cf_1,0.9421143018534329
aa765592-7fa5-4888-adb8-73fc02ccd53c_0,0.4136596588994621
aa765592-7fa5-4888-adb8-73fc02ccd53c_1,0.9405881895187848
aad61af2-f293-4934-8a4a-d9d36debebf0_0,0.9463271761519092
aad61af2-f293-4934-8a4a-d9d36debebf0_1,0.06455097910713585
aade9389-b2f1-4997-818f-141b1853f5c2_0,0.9448254255396544
aade9389-b2f1-4997-818f-141b1853f5c2_1,0.06477124675828588
ab01b59f-07c8-4d5e-8978-037a6ac23c7f_0,0.8512751040852977
ab01b59f-07c8-4d5e-8978-037a6ac23c7f_1,0.06589008121570615
abe300af-c440-452c-b422-a276152ffc31_0,0.9445891993137271
abe300af-c440-452c-b422-a276152ffc31_1,0.06384933099341764
ad0e50e4-2e9a-469d-b186-b4398114a9ab_0,0.06796246544498448
ad0e50e4-2e9a-469d-b186-b4398114a9ab_1,0.07314557106396677
ad6e6700-39a4-4309-b3a9-9b36583a9b45_0,0.9465027391728513
ad6e6700-39a4-4309-b3a9-9b36583a9b45_1,0.06427887497518595
b07df1fd-9a9a-41d9-99b4-9d7ff89b8e61_0,0.0813037511352264
b07df1fd-9a9a-41d9-99b4-9d7ff89b8e61_1,0.07033196979652376
b198cff4-a33a-40a1-98be-2f86a50c5a68_0,0.11096045807631558
b198cff4-a33a-40a1-98be-2f86a50c5a68_1,0.9425170721864937
b2be1ed7-dbf3-4065-8742-21f1750f3712_0,0.9454929773258899
b2be1ed7-dbf3-4065-8742-21f1750f3712_1,0.0663058523699082
b33ba65d-845e-4b09-90cc-36784a3542c8_0,0.10059336975711831
b33ba65d-845e-4b09-90cc-36784a3542c8_1,0.07214883705994508
b3a64a35-d56f-4b7e-9a13-9fd42ae7e716_0,0.9459277149437808
b3a64a35-d56f-4b7e-9a13-9fd42ae7e716_1,0.07026126033545868
b5fcd607-a355-41bf-b824-4f8180f8a275_0,0.9451409948380137
b5fcd607-a355-41bf-b824-4f8180f8a275_1,0.06412981730847214
b605ca3c-7e49-44c2-ad74-4551bf71e033_0,0.06565522648301195
b605ca3c-7e49-44c2-ad74-4551bf71e033_1,0.07057080776674907
b607cbad-8b5f-401d-bd5f-89ad7cd000fc_0,0.9473951326180822
b607cbad-8b5f-401d-bd5f-89ad7cd000fc_1,0.06376554675092902
b750f4c8-5edb-4d22-bc0e-379dbe9bf13e_0,0.17541144108899706
b750f4c8-5edb-4d22-bc0e-379dbe9bf13e_1,0.06420540257915205
b84a93d2-ed31-478a-aaf7-b05b3d628a23_0,0.06535394675555889
b84a93d2-ed31-478a-aaf7-b05b3d628a23_1,0.946707988924108
b984a11e-04bb-40fa-8801-c7df289fc59c_0,0.9463627284986158
b984a11e-04bb-40fa-8801-c7df289fc59c_1,0.06822214700448202
b98a41f1-0669-42a1-8de2-eb3c07f3269a_0,0.06465031168743343
b98a41f1-0669-42a1-8de2-eb3c07f3269a_1,0.9467863750366552
bba29cbd-96c8-4604-a976-48dae5a46fd8_0,0.7648802543921401
bba29cbd-96c8-4604-a976-48dae5a46fd8_1,0.06425931661136043
bce481dd-135f-4cc5-af7e-b5acc9c6aad2_0,0.06446545025416284
bce481dd-135f-4cc5-af7e-b5acc9c6aad2_1,0.9017253849018664
bd3219ea-f82c-425d-ac2d-51cc36c044c4_0,0.7190998639055265
bd3219ea-f82c-425d-ac2d-51cc36c044c4_1,0.06579009488234659
bd49282a-8a7f-45a9-b9a2-4537111f5879_0,0.06512744090058607
bd49282a-8a7f-45a9-b9a2-4537111f5879_1,0.9446200014863645
bd6a3fdb-5082-49cf-9d44-72a645ca9616_0,0.9407364727326473
bd6a3fdb-5082-49cf-9d44-72a645ca9616_1,0.06810479545990504
be223158-31c2-43a8-a6b2-33789c1666e7_0,0.07156081375377335
be223158-31c2-43a8-a6b2-33789c1666e7_1,0.9436880815963552
bf52e291-7be8-4ee2-9026-95495cd4ffbc_0,0.09143154368037305
bf52e291-7be8-4ee2-9026-95495cd4ffbc_1,0.10802480624411047
bf5ca4ff-aaa7-4353-92f3-2ab0f0402513_0,0.08696477002042463
bf5ca4ff-aaa7-4353-92f3-2ab0f0402513_1,0.23330796154679603
bf76a63f-517d-4bdf-9e24-527232291847_0,0.06531683707205177
bf76a63f-517d-4bdf-9e24-527232291847_1,0.9375537676464575
bfd874c1-e50a-4ffc-9cfd-1ab31cd01f2e_0,0.8148813121822245
bfd874c1-e50a-4ffc-9cfd-1ab31cd01f2e_1,0.06444259536357637
c0854555-9f66-445b-a043-3410160ee3be_0,0.9470245275358894
c0854555-9f66-445b-a043-3410160ee3be_1,0.06485038717369182
c0c50db2-3ca9-4c42-8427-92c814a479c5_0,0.9458336549926377
c0c50db2-3ca9-4c42-8427-92c814a479c5_1,0.06703463503410995
c0d4f402-fae6-4206-a6bd-93c69ea44c48_0,0.9450021128014306
c0d4f402-fae6-4206-a6bd-93c69ea44c48_1,0.06398467937856554
c13eaf49-5340-4cd3-a623-5cdd358d330a_0,0.9435348376985883
c13eaf49-5340-4cd3-a623-5cdd358d330a_1,0.06468773723776398
c1591464-085b-4a77-8081-ff3511adf47e_0,0.9472909228196514
c1591464-085b-4a77-8081-ff3511adf47e_1,0.06432423603914435
c27944dd-4c7a-4d5e-926c-616bfc3346ea_0,0.9379526645488032
c27944dd-4c7a-4d5e-926c-616bfc3346ea_1,0.0638820817051333
c2e0ecb9-3997-4278-bffb-a05616f22429_0,0.9401193308900825
c2e0ecb9-3997-4278-bffb-a05616f22429_1,0.07990491585994468
c3171cf0-c133-49c8-9140-43c176154f24_0,0.9414695586856237
c3171cf0-c133-49c8-9140-43c176154f24_1,0.06788129188759251
c3c85073-d487-466e-8810-a21d119beade_0,0.06717028759764282
c3c85073-d487-466e-8810-a21d119beade_1,0.06547296502373645
c3da740e-a21b-4492-8a0d-299c60c2b550_0,0.9471219561502097
c3da740e-a21b-4492-8a0d-299c60c2b550_1,0.06389001359975283
c3e1c98d-03c2-4635-a2b2-e3329b1d5422_0,0.06424067004965253
c3e1c98d-03c2-4635-a2b2-e3329b1d5422_1,0.4682246327340734
c51466a5-9b24-47cc-95af-6d0e3f29a3f6_0,0.9427920833766638
c51466a5-9b24-47cc-95af-6d0e3f29a3f6_1,0.06602008143697932
c5c9ea46-00ab-4dca-a4f3-40853f91e6fb_0,0.9465215808517979
c5c9ea46-00ab-4dca-a4f3-40853f91e6fb_1,0.06652778063384238
c6024f76-24d4-4cef-8a9c-18aa6bf76cb5_0,0.0677409190688782
c6024f76-24d4-4cef-8a9c-18aa6bf76cb5_1,0.07094886988995994
c6e26dab-331a-45a6-a5a4-eb4eaba0398c_0,0.9317766426474003
c6e26dab-331a-45a6-a5a4-eb4eaba0398c_1,0.06481530966178989
c6ed008c-04dc-4313-83ee-47aa3687c4c7_0,0.9077791117821205
c6ed008c-04dc-4313-83ee-47aa3687c4c7_1,0.06870090729212609
c7227538-54ea-4e8e-84e1-b11a00701def_0,0.07332415181459363
c7227538-54ea-4e8e-84e1-b11a00701def_1,0.9162369536337468
c746e474-d0fb-46a4-ad4a-58e353d85375_0,0.06902775373347783
c746e474-d0fb-46a4-ad4a-58e353d85375_1,0.06447602052896315
c7603000-9958-46be-8b0b-c3c25110ca61_0,0.8769443993246286
c7603000-9958-46be-8b0b-c3c25110ca61_1,0.0676532182673352
c7732e5b-2408-466c-b5f0-b2807f179505_0,0.06509780403576432
c7732e5b-2408-466c-b5f0-b2807f179505_1,0.18269093354902116
c7737d1a-1296-4c41-a565-6fff402f9518_0,0.9456646372436778
c7737d1a-1296-4c41-a565-6fff402f9518_1,0.0659130386777847
c8e0643a-cd97-47c7-ab26-5719e9e99b6b_0,0.0991589220879199
c8e0643a-cd97-47c7-ab26-5719e9e99b6b_1,0.1739882274982918
c95371c9-b02b-49eb-94f3-21f614845a46_0,0.06764391835003469
c95371c9-b02b-49eb-94f3-21f614845a46_1,0.08632094257221333
ca05b6dd-4db8-4b8d-8b38-d96976b11e6f_0,0.06495875762620917
ca05b6dd-4db8-4b8d-8b38-d96976b11e6f_1,0.9468471216714488
caed0e5b-e742-498b-8bd6-a6c34a67fe07_0,0.06511364235025484
caed0e5b-e742-498b-8bd6-a6c34a67fe07_1,0.06542429192276866
cbcbdf86-b695-4edd-b116-1c4b45fe66a1_0,0.0687301738666105
cbcbdf86-b695-4edd-b116-1c4b45fe66a1_1,0.9453500729940275
cc68e8a9-0732-48d4-b6d0-811d6d2cae0d_0,0.9378811488706761
cc68e8a9-0732-48d4-b6d0-811d6d2cae0d_1,0.07333144490632838
cca398ad-9e5f-4510-b05d-e793ce45bc2a_0,0.6553557504289739
cca398ad-9e5f-4510-b05d-e793ce45bc2a_1,0.24251969821680963
cd252474-573d-4324-8d94-1d8fbb5668f5_0,0.9451392730271657
cd252474-573d-4324-8d94-1d8fbb5668f5_1,0.07125809127997354
ce1d6fee-1fe6-44fe-b69f-0f4a9ad1b449_0,0.9459881073687804
ce1d6fee-1fe6-44fe-b69f-0f4a9ad1b449_1,0.0650272880448204
ce621677-891b-456e-8232-0073cf0bdcb8_0,0.06736535404963809
ce621677-891b-456e-8232-0073cf0bdcb8_1,0.945178111798947
cebca8f6-7e7c-4c29-b2d1-79722bed5926_0,0.9133285390325571
cebca8f6-7e7c-4c29-b2d1-79722bed5926_1,0.06488761191603354
cf04cc57-2e79-4d40-aaf1-b55b015f53cf_0,0.9415257512983932
cf04cc57-2e79-4d40-aaf1-b55b015f53cf_1,0.06377091851011339
cfe46d6a-61ed-4372-9d81-5eaeec81c1bc_0,0.9470473482597397
cfe46d6a-61ed-4372-9d81-5eaeec81c1bc_1,0.06524488269194376
cff538a5-a160-4d79-ac6c-292802f0c68c_0,0.9469920201191329
cff538a5-a160-4d79-ac6c-292802f0c68c_1,0.06458202843443511
d1210ddc-8f4f-4ae0-bffb-3e6dfc85b954_0,0.9467082762080731
d1210ddc-8f4f-4ae0-bffb-3e6dfc85b954_1,0.06383532599923972
d172f76d-e554-4d4b-af2e-2ea7dd609f2b_0,0.9461466204348796
d172f76d-e554-4d4b-af2e-2ea7dd609f2b_1,0.07902501683255671
d1a39319-6cba-4c7c-a7a9-af70c4dbcb49_0,0.1907968946434043
d1a39319-6cba-4c7c-a7a9-af70c4dbcb49_1,0.07058832783174386
d20f097f-7db3-4562-a55d-bf3bdbfe8360_0,0.9142217604548828
d20f097f-7db3-4562-a55d-bf3bdbfe8360_1,0.07724449841443458
d40c3b8f-9cdf-4406-920f-643b7689ec32_0,0.947300424945544
d40c3b8f-9cdf-4406-920f-643b7689ec32_1,0.06967842468240303
d5075320-0ddb-4358-a8f8-c07db906c15e_0,0.9451051234055555
d5075320-0ddb-4358-a8f8-c07db906c15e_1,0.06445197524894379
d87215a5-fbac-4ff7-84f4-e3bc7ff880c0_0,0.0989207103073694
d87215a5-fbac-4ff7-84f4-e3bc7ff880c0_1,0.14565726684791191
d88664b0-a014-44cc-b6a7-090f5e032ed5_0,0.07117964629951451
d88664b0-a014-44cc-b6a7-090f5e032ed5_1,0.9451603292316566
d8f32724-f290-43b0-9610-b866b65ba4ef_0,0.9440797296829112
d8f32724-f290-43b0-9610-b866b65ba4ef_1,0.06602467885688988
dabca6bc-9b5c-49fe-a652-bac477aabd4c_0,0.06999762559388532
dabca6bc-9b5c-49fe-a652-bac477aabd4c_1,0.9435409981474988
daf56c39-bea1-44fc-b87a-76466d7b887c_0,0.9470957875650784
daf56c39-bea1-44fc-b87a-76466d7b887c_1,0.06844727040743097
dafe0e29-a70a-4d48-bce3-e861da104c1c_0,0.9439678132766085
dafe0e29-a70a-4d48-bce3-e861da104c1c_1,0.06450845540637112
dbd30b6f-6f91-4ca4-b998-5efb8e5bf1f7_0,0.5194923681534647
dbd30b6f-6f91-4ca4-b998-5efb8e5bf1f7_1,0.44957395419523094
dc9be82f-e955-4d8d-9768-032e14a9606e_0,0.9455421185576741
dc9be82f-e955-4d8d-9768-032e14a9606e_1,0.0647301535778615
de0518b4-dc8e-4394-adde-b68ac6e4019e_0,0.07721240236056816
de0518b4-dc8e-4394-adde-b68ac6e4019e_1,0.10981432981327664
de70a944-ff8b-4311-92b2-eb048a5a6df9_0,0.8975203085336751
de70a944-ff8b-4311-92b2-eb048a5a6df9_1,0.06439203791190695
de7c0074-faad-477f-94ee-e331c0f8b744_0,0.07120205026085809
de7c0074-faad-477f-94ee-e331c0f8b744_1,0.06942574479305269
e00ae928-bbb5-40c4-aa7f-f30dc0e7b02d_0,0.9463572195864678
e00ae928-bbb5-40c4-aa7f-f30dc0e7b02d_1,0.0743054529843757
e07f74fd-d66f-45b3-87b1-178e36819056_0,0.06928135794571921
e07f74fd-d66f-45b3-87b1-178e36819056_1,0.9422759108740633
e1ad421f-8d95-4154-be74-f8159574168e_0,0.06645892190722853
e1ad421f-8d95-4154-be74-f8159574168e_1,0.6498588848960775
e3243b37-277e-4bf5-8cb9-8e3aa49564dc_0,0.06397107287490797
e3243b37-277e-4bf5-8cb9-8e3aa49564dc_1,0.9455606328137302
e41c52de-ae46-4465-af08-c1ee5a8aa31f_0,0.8922799274294128
e41c52de-ae46-4465-af08-c1ee5a8aa31f_1,0.06466897179135184
e435e28d-b6a6-4674-8a32-141561c40d05_0,0.06665647944453523
e435e28d-b6a6-4674-8a32-141561c40d05_1,0.9469353751730646
e490d761-bee0-41e4-8358-d9d0b0977050_0,0.07345822340435777
e490d761-bee0-41e4-8358-d9d0b0977050_1,0.0799079908618295
e54b91af-7795-4251-a1f9-fe7ada07712e_0,0.07369110113051261
e54b91af-7795-4251-a1f9-fe7ada07712e_1,0.834675540423423
e6aa8356-9283-4110-a3b0-d871b00ea002_0,0.5930791645827108
e6aa8356-9283-4110-a3b0-d871b00ea002_1,0.06948879444293167
e7f25b81-55e3-4f74-94df-190ed89b6999_0,0.9404084394283488
e7f25b81-55e3-4f74-94df-190ed89b6999_1,0.06558299083705128
e8a11375-11e0-48bb-9a81-99724970c2c1_0,0.3138577959969866
e8a11375-11e0-48bb-9a81-99724970c2c1_1,0.0651647072116313
e9220dd0-6524-41a3-92eb-12e7807772c6_0,0.9461814613680853
e9220dd0-6524-41a3-92eb-12e7807772c6_1,0.0649741345622675
ea49e7f0-640d-4db6-becf-8c6521d3b8e0_0,0.9372461307238793
ea49e7f0-640d-4db6-becf-8c6521d3b8e0_1,0.10646293234498583
ea539d8f-9973-418d-82f2-a522b86c35ad_0,0.9403159418058266
ea539d8f-9973-418d-82f2-a522b86c35ad_1,0.08494009726677614
ec973831-6908-4fb3-9b09-9a60cca2981d_0,0.9441654389008076
ec973831-6908-4fb3-9b09-9a60cca2981d_1,0.06791608197969541
ed0b11d5-f954-4de7-8783-98cedf9282f9_0,0.9379803664244257
ed0b11d5-f954-4de7-8783-98cedf9282f9_1,0.11198777245523457
ed4ffb8f-76a6-40a9-a51d-98011c49e5a7_0,0.17410142017534697
ed4ffb8f-76a6-40a9-a51d-98011c49e5a7_1,0.7546238050836819
ed88c11b-154b-4695-8908-c33abba3238f_0,0.0720968199032418
ed88c11b-154b-4695-8908-c33abba3238f_1,0.9453581930088147
ee460d90-2d45-43c3-a93f-745d25d13b7d_0,0.07805566399140397
ee460d90-2d45-43c3-a93f-745d25d13b7d_1,0.07347384089870977
ee770362-e122-4ecd-a0ed-7208db9ee57a_0,0.0681286471573501
ee770362-e122-4ecd-a0ed-7208db9ee57a_1,0.1937341192838245
ee83fac5-99b0-4aee-8d48-577f68a5dd05_0,0.9395843748191416
ee83fac5-99b0-4aee-8d48-577f68a5dd05_1,0.06397457966313941
ef915025-f26f-4d9a-b419-cddcb95eb8b9_0,0.0680403805895552
ef915025-f26f-4d9a-b419-cddcb95eb8b9_1,0.9451982480196947
efd65b9e-0f6d-4e2d-a0bc-a843b7e9bedd_0,0.06372720587838315
efd65b9e-0f6d-4e2d-a0bc-a843b7e9bedd_1,0.5699550330876355
f0cdca4a-a66f-4dfa-b3b4-7e13fc330b4b_0,0.8918673417150365
f0cdca4a-a66f-4dfa-b3b4-7e13fc330b4b_1,0.0657268197364965
f0dd922d-254e-410b-b42b-47fb6358c4aa_0,0.3032947657411099
f0dd922d-254e-410b-b42b-47fb6358c4aa_1,0.06422794984319231
f20606a2-8b13-4319-8aa0-5cba54642027_0,0.06548939265207339
f20606a2-8b13-4319-8aa0-5cba54642027_1,0.9464406374644123
f249f8f4-3392-41a7-ad59-c8aaf93e9567_0,0.07663980665682027
f249f8f4-3392-41a7-ad59-c8aaf93e9567_1,0.06771659688759905
f2679836-89a4-4c08-80df-cc1d5dbb252b_0,0.06915829175432996
f2679836-89a4-4c08-80df-cc1d5dbb252b_1,0.9403479631850299
f285d740-9481-4972-b27f-62838e9170a3_0,0.8620700447613839
f285d740-9481-4972-b27f-62838e9170a3_1,0.07276790322206261
f295f7e2-37cd-44e5-a80e-8a57f47e5df0_0,0.9440481346127424
f295f7e2-37cd-44e5-a80e-8a57f47e5df0_1,0.07512816136882607
f320a95a-4ea1-4b9c-956b-5910b9294f2c_0,0.9465437476164811
f320a95a-4ea1-4b9c-956b-5910b9294f2c_1,0.06559093232739834
f34b7f20-1123-47b2-997c-15671b9473b3_0,0.09407560225580414
f34b7f20-1123-47b2-997c-15671b9473b3_1,0.1822163691524361
f3554943-4c9c-44ca-97cb-166704345d44_0,0.9463588250480142
f3554943-4c9c-44ca-97cb-166704345d44_1,0.06549933320512921
f46ac17e-8d05-4f65-88fd-8c32af7d59db_0,0.06638912585761625
f46ac17e-8d05-4f65-88fd-8c32af7d59db_1,0.893336851420374
f47c3542-9153-4689-af7a-dcf5615f6545_0,0.9457497294923624
f47c3542-9153-4689-af7a-dcf5615f6545_1,0.06778289273255027
f523fe7d-790b-4dfa-abd7-460ce34b90c6_0,0.8967078186271623
f523fe7d-790b-4dfa-abd7-460ce34b90c6_1,0.09192126005576833
f5c2449f-148c-48a8-90a1-a5eed42c2b3c_0,0.9475775367188741
f5c2449f-148c-48a8-90a1-a5eed42c2b3c_1,0.06397988180481871
f73d8c19-3526-4cca-86cb-8d3ac767584e_0,0.9336875720115729
f73d8c19-3526-4cca-86cb-8d3ac767584e_1,0.06842821109271362
f78a6d9d-3242-4033-80f9-6c5a0240a6b4_0,0.06527648499619768
f78a6d9d-3242-4033-80f9-6c5a0240a6b4_1,0.07202286836675655
f79aadf5-154e-4659-9eb3-62ea8ea31244_0,0.9470495267446374
f79aadf5-154e-4659-9eb3-62ea8ea31244_1,0.06398470988521691
f7b6c13a-757d-491f-8441-b6a58cb535d1_0,0.942966753463134
f7b6c13a-757d-491f-8441-b6a58cb535d1_1,0.8276987240682363
f8fe594d-1a89-4d28-9f1c-77ce81e6e4a8_0,0.2109843918434046
f8fe594d-1a89-4d28-9f1c-77ce81e6e4a8_1,0.08595130404175469
f939a8d1-160c-477b-9219-0b8077f8e17a_0,0.08959642687505553
f939a8d1-160c-477b-9219-0b8077f8e17a_1,0.06543085815281145
fa85dcd6-0938-4cdb-a2d7-18334e679292_0,0.9461939430355074
fa85dcd6-0938-4cdb-a2d7-18334e679292_1,0.06589628275296813
fb9cfb7c-497c-4054-b8e9-51986cfef675_0,0.06424062553314638
fb9cfb7c-497c-4054-b8e9-51986cfef675_1,0.9461181361695803
fbfe2f5b-63d9-4c46-9d30-064dcdd793bd_0,0.9472780706190117
fbfe2f5b-63d9-4c46-9d30-064dcdd793bd_1,0.0645232258401969
fcd7fd1f-4bc9-4c0d-bd3c-d225885ace60_0,0.06447634355516492
fcd7fd1f-4bc9-4c0d-bd3c-d225885ace60_1,0.0658267001980681
fce16e7b-2e50-4730-a8c2-d99cc1b90efb_0,0.06707710612528524
fce16e7b-2e50-4730-a8c2-d99cc1b90efb_1,0.9437717117651738
fd622e92-35bf-4a6a-a15b-f82bac4f5704_0,0.10871092450920164
fd622e92-35bf-4a6a-a15b-f82bac4f5704_1,0.9037925529405796
fdab5384-1e3a-415f-9d9a-deaa38ef5996_0,0.9226722411139149
fdab5384-1e3a-415f-9d9a-deaa38ef5996_1,0.0738653892181983
fe1a8004-b7d0-49aa-a14d-501f09ba8921_0,0.9444428200845005
fe1a8004-b7d0-49aa-a14d-501f09ba8921_1,0.06637890634992988
febd5ef6-c3a1-4588-ac58-db9ed23c4b8e_0,0.9446272150554472
febd5ef6-c3a1-4588-ac58-db9ed23c4b8e_1,0.0719358015655674
ff497fd2-01f4-4487-b7d0-68a946c8c2bd_0,0.06914162168593857
ff497fd2-01f4-4487-b7d0-68a946c8c2bd_1,0.9469375126123125
ff64160e-dab4-4e38-8f5d-788b00994ab2_0,0.8611571599450809
ff64160e-dab4-4e38-8f5d-788b00994ab2_1,0.06734128993132035
ff77f676-8864-425d-a027-539ccc6fc440_0,0.06382629438191982
ff77f676-8864-425d-a027-539ccc6fc440_1,0.9454914570941706
ff93874b-1ec4-4f26-ba95-0e78c01d3cef_0,0.06417529750535596
ff93874b-1ec4-4f26-ba95-0e78c01d3cef_1,0.7319549783621462
